{
    "loss": 0.5006809830665588,
    "accuracy": 0.7326687574386597
}